sheet,cell,text,url,subaddress
Sheet1,A1,Drag,http://ancientsource.daphnet.iliesi.cnr.it/,
Sheet1,A3,1-A transcription,http://ancientsource.daphnet.iliesi.cnr.it/agora_show_book_transcription/146?data-title=1-A+transcription&data-verticalTitle=1-A+transcription&data-type=book&data-id=book_transcription_146&data-boxTitle=1-A+transcription&data-replaceContent=&data-url=%2Fagora_show_book_transcription%2F146&data-maxWidth=300,
Sheet1,A5,1-B transcription,http://ancientsource.daphnet.iliesi.cnr.it/agora_show_book_transcription/147?data-title=1-B+transcription&data-verticalTitle=1-B+transcription&data-type=book&data-id=book_transcription_147&data-boxTitle=1-B+transcription&data-replaceContent=&data-url=%2Fagora_show_book_transcription%2F147&data-maxWidth=300,
Sheet1,A7,2-A transcription,http://ancientsource.daphnet.iliesi.cnr.it/agora_show_book_transcription/150?data-title=2-A+transcription&data-verticalTitle=2-A+transcription&data-type=book&data-id=book_transcription_150&data-boxTitle=2-A+transcription&data-replaceContent=&data-url=%2Fagora_show_book_transcription%2F150&data-maxWidth=300,
Sheet1,A9,2-B transcription,http://ancientsource.daphnet.iliesi.cnr.it/agora_show_book_transcription/151?data-title=2-B+transcription&data-verticalTitle=2-B+transcription&data-type=book&data-id=book_transcription_151&data-boxTitle=2-B+transcription&data-replaceContent=&data-url=%2Fagora_show_book_transcription%2F151&data-maxWidth=300,
Sheet1,A11,3-A transcription,http://ancientsource.daphnet.iliesi.cnr.it/agora_show_book_transcription/56?data-title=3-A+transcription&data-verticalTitle=3-A+transcription&data-type=book&data-id=book_transcription_56&data-boxTitle=3-A+transcription&data-replaceContent=&data-url=%2Fagora_show_book_transcription%2F56&data-maxWidth=300,
Sheet1,A13,3-B transcription,http://ancientsource.daphnet.iliesi.cnr.it/agora_show_book_transcription/57?data-title=3-B+transcription&data-verticalTitle=3-B+transcription&data-type=book&data-id=book_transcription_57&data-boxTitle=3-B+transcription&data-replaceContent=&data-url=%2Fagora_show_book_transcription%2F57&data-maxWidth=300,
Sheet1,A15,4-A transcription,http://ancientsource.daphnet.iliesi.cnr.it/agora_show_book_transcription/61?data-title=4-A+transcription&data-verticalTitle=4-A+transcription&data-type=book&data-id=book_transcription_61&data-boxTitle=4-A+transcription&data-replaceContent=&data-url=%2Fagora_show_book_transcription%2F61&data-maxWidth=300,
Sheet1,A17,4-B transcription,http://ancientsource.daphnet.iliesi.cnr.it/agora_show_book_transcription/62?data-title=4-B+transcription&data-verticalTitle=4-B+transcription&data-type=book&data-id=book_transcription_62&data-boxTitle=4-B+transcription&data-replaceContent=&data-url=%2Fagora_show_book_transcription%2F62&data-maxWidth=300,
Sheet1,A19,6-A transcription,http://ancientsource.daphnet.iliesi.cnr.it/agora_show_book_transcription/67?data-title=6-A+transcription&data-verticalTitle=6-A+transcription&data-type=book&data-id=book_transcription_67&data-boxTitle=6-A+transcription&data-replaceContent=&data-url=%2Fagora_show_book_transcription%2F67&data-maxWidth=300,
Sheet1,A21,6-B transcription,http://ancientsource.daphnet.iliesi.cnr.it/agora_show_book_transcription/68?data-title=6-B+transcription&data-verticalTitle=6-B+transcription&data-type=book&data-id=book_transcription_68&data-boxTitle=6-B+transcription&data-replaceContent=&data-url=%2Fagora_show_book_transcription%2F68&data-maxWidth=300,
Sheet1,A23,7-A transcription,http://ancientsource.daphnet.iliesi.cnr.it/agora_show_book_transcription/152?data-title=7-A+transcription&data-verticalTitle=7-A+transcription&data-type=book&data-id=book_transcription_152&data-boxTitle=7-A+transcription&data-replaceContent=&data-url=%2Fagora_show_book_transcription%2F152&data-maxWidth=300,
Sheet1,A25,7-B transcription,http://ancientsource.daphnet.iliesi.cnr.it/agora_show_book_transcription/153?data-title=7-B+transcription&data-verticalTitle=7-B+transcription&data-type=book&data-id=book_transcription_153&data-boxTitle=7-B+transcription&data-replaceContent=&data-url=%2Fagora_show_book_transcription%2F153&data-maxWidth=300,
Sheet1,A27,8-A transcription,http://ancientsource.daphnet.iliesi.cnr.it/agora_show_book_transcription/154?data-title=8-A+transcription&data-verticalTitle=8-A+transcription&data-type=book&data-id=book_transcription_154&data-boxTitle=8-A+transcription&data-replaceContent=&data-url=%2Fagora_show_book_transcription%2F154&data-maxWidth=300,
Sheet1,A29,9-A transcription,http://ancientsource.daphnet.iliesi.cnr.it/agora_show_book_transcription/12?data-title=9-A+transcription&data-verticalTitle=9-A+transcription&data-type=book&data-id=book_transcription_12&data-boxTitle=9-A+transcription&data-replaceContent=&data-url=%2Fagora_show_book_transcription%2F12&data-maxWidth=300,
Sheet1,A31,9-B transcription,http://ancientsource.daphnet.iliesi.cnr.it/agora_show_book_transcription/13?data-title=9-B+transcription&data-verticalTitle=9-B+transcription&data-type=book&data-id=book_transcription_13&data-boxTitle=9-B+transcription&data-replaceContent=&data-url=%2Fagora_show_book_transcription%2F13&data-maxWidth=300,
Sheet1,A33,10-A transcription,http://ancientsource.daphnet.iliesi.cnr.it/agora_show_book_transcription/11?data-title=10-A+transcription&data-verticalTitle=10-A+transcription&data-type=book&data-id=book_transcription_11&data-boxTitle=10-A+transcription&data-replaceContent=&data-url=%2Fagora_show_book_transcription%2F11&data-maxWidth=300,
Sheet1,A35,11-A transcription,http://ancientsource.daphnet.iliesi.cnr.it/agora_show_book_transcription/148?data-title=11-A+transcription&data-verticalTitle=11-A+transcription&data-type=book&data-id=book_transcription_148&data-boxTitle=11-A+transcription&data-replaceContent=&data-url=%2Fagora_show_book_transcription%2F148&data-maxWidth=300,
Sheet1,A37,11-B transcription,http://ancientsource.daphnet.iliesi.cnr.it/agora_show_book_transcription/149?data-title=11-B+transcription&data-verticalTitle=11-B+transcription&data-type=book&data-id=book_transcription_149&data-boxTitle=11-B+transcription&data-replaceContent=&data-url=%2Fagora_show_book_transcription%2F149&data-maxWidth=300,
Sheet1,A39,12-A transcription,http://ancientsource.daphnet.iliesi.cnr.it/agora_show_book_transcription/18?data-title=12-A+transcription&data-verticalTitle=12-A+transcription&data-type=book&data-id=book_transcription_18&data-boxTitle=12-A+transcription&data-replaceContent=&data-url=%2Fagora_show_book_transcription%2F18&data-maxWidth=300,
Sheet1,A41,12-B transcription,http://ancientsource.daphnet.iliesi.cnr.it/agora_show_book_transcription/19?data-title=12-B+transcription&data-verticalTitle=12-B+transcription&data-type=book&data-id=book_transcription_19&data-boxTitle=12-B+transcription&data-replaceContent=&data-url=%2Fagora_show_book_transcription%2F19&data-maxWidth=300,
Sheet1,A43,12-C transcription,http://ancientsource.daphnet.iliesi.cnr.it/agora_show_book_transcription/20?data-title=12-C+transcription&data-verticalTitle=12-C+transcription&data-type=book&data-id=book_transcription_20&data-boxTitle=12-C+transcription&data-replaceContent=&data-url=%2Fagora_show_book_transcription%2F20&data-maxWidth=300,
Sheet1,A45,13-A transcription,http://ancientsource.daphnet.iliesi.cnr.it/agora_show_book_transcription/21?data-title=13-A+transcription&data-verticalTitle=13-A+transcription&data-type=book&data-id=book_transcription_21&data-boxTitle=13-A+transcription&data-replaceContent=&data-url=%2Fagora_show_book_transcription%2F21&data-maxWidth=300,
Sheet1,A47,14-A transcription,http://ancientsource.daphnet.iliesi.cnr.it/agora_show_book_transcription/137?data-title=14-A+transcription&data-verticalTitle=14-A+transcription&data-type=book&data-id=book_transcription_137&data-boxTitle=14-A+transcription&data-replaceContent=&data-url=%2Fagora_show_book_transcription%2F137&data-maxWidth=300,
Sheet1,A49,13-B transcription,http://ancientsource.daphnet.iliesi.cnr.it/agora_show_book_transcription/22?data-title=13-B+transcription&data-verticalTitle=13-B+transcription&data-type=book&data-id=book_transcription_22&data-boxTitle=13-B+transcription&data-replaceContent=&data-url=%2Fagora_show_book_transcription%2F22&data-maxWidth=300,
Sheet1,A51,15-A transcription,http://ancientsource.daphnet.iliesi.cnr.it/agora_show_book_transcription/129?data-title=15-A+transcription&data-verticalTitle=15-A+transcription&data-type=book&data-id=book_transcription_129&data-boxTitle=15-A+transcription&data-replaceContent=&data-url=%2Fagora_show_book_transcription%2F129&data-maxWidth=300,
Sheet1,A53,16-A transcription,http://ancientsource.daphnet.iliesi.cnr.it/agora_show_book_transcription/133?data-title=16-A+transcription&data-verticalTitle=16-A+transcription&data-type=book&data-id=book_transcription_133&data-boxTitle=16-A+transcription&data-replaceContent=&data-url=%2Fagora_show_book_transcription%2F133&data-maxWidth=300,
Sheet1,A55,17-A transcription,http://ancientsource.daphnet.iliesi.cnr.it/agora_show_book_transcription/142?data-title=17-A+transcription&data-verticalTitle=17-A+transcription&data-type=book&data-id=book_transcription_142&data-boxTitle=17-A+transcription&data-replaceContent=&data-url=%2Fagora_show_book_transcription%2F142&data-maxWidth=300,
Sheet1,A57,18-A transcription,http://ancientsource.daphnet.iliesi.cnr.it/agora_show_book_transcription/77?data-title=18-A+transcription&data-verticalTitle=18-A+transcription&data-type=book&data-id=book_transcription_77&data-boxTitle=18-A+transcription&data-replaceContent=&data-url=%2Fagora_show_book_transcription%2F77&data-maxWidth=300,
Sheet1,A59,19-A transcription,http://ancientsource.daphnet.iliesi.cnr.it/agora_show_book_transcription/32?data-title=19-A+transcription&data-verticalTitle=19-A+transcription&data-type=book&data-id=book_transcription_32&data-boxTitle=19-A+transcription&data-replaceContent=&data-url=%2Fagora_show_book_transcription%2F32&data-maxWidth=300,
Sheet1,A61,20-A transcription,http://ancientsource.daphnet.iliesi.cnr.it/agora_show_book_transcription/138?data-title=20-A+transcription&data-verticalTitle=20-A+transcription&data-type=book&data-id=book_transcription_138&data-boxTitle=20-A+transcription&data-replaceContent=&data-url=%2Fagora_show_book_transcription%2F138&data-maxWidth=300,
Sheet1,A63,21-A transcription,http://ancientsource.daphnet.iliesi.cnr.it/agora_show_book_transcription/112?data-title=21-A+transcription&data-verticalTitle=21-A+transcription&data-type=book&data-id=book_transcription_112&data-boxTitle=21-A+transcription&data-replaceContent=&data-url=%2Fagora_show_book_transcription%2F112&data-maxWidth=300,
Sheet1,A65,21-B transcription,http://ancientsource.daphnet.iliesi.cnr.it/agora_show_book_transcription/113?data-title=21-B+transcription&data-verticalTitle=21-B+transcription&data-type=book&data-id=book_transcription_113&data-boxTitle=21-B+transcription&data-replaceContent=&data-url=%2Fagora_show_book_transcription%2F113&data-maxWidth=300,
Sheet1,A67,21-C transcription,http://ancientsource.daphnet.iliesi.cnr.it/agora_show_book_transcription/114?data-title=21-C+transcription&data-verticalTitle=21-C+transcription&data-type=book&data-id=book_transcription_114&data-boxTitle=21-C+transcription&data-replaceContent=&data-url=%2Fagora_show_book_transcription%2F114&data-maxWidth=300,
Sheet1,A69,22-B transcription,http://ancientsource.daphnet.iliesi.cnr.it/agora_show_book_transcription/59?data-title=22-B+transcription&data-verticalTitle=22-B+transcription&data-type=book&data-id=book_transcription_59&data-boxTitle=22-B+transcription&data-replaceContent=&data-url=%2Fagora_show_book_transcription%2F59&data-maxWidth=300,
Sheet1,A71,22-A transcription,http://ancientsource.daphnet.iliesi.cnr.it/agora_show_book_transcription/58?data-title=22-A+transcription&data-verticalTitle=22-A+transcription&data-type=book&data-id=book_transcription_58&data-boxTitle=22-A+transcription&data-replaceContent=&data-url=%2Fagora_show_book_transcription%2F58&data-maxWidth=300,
Sheet1,A73,22-C transcription,http://ancientsource.daphnet.iliesi.cnr.it/agora_show_book_transcription/60?data-title=22-C+transcription&data-verticalTitle=22-C+transcription&data-type=book&data-id=book_transcription_60&data-boxTitle=22-C+transcription&data-replaceContent=&data-url=%2Fagora_show_book_transcription%2F60&data-maxWidth=300,
Sheet1,A75,23-A transcription,http://ancientsource.daphnet.iliesi.cnr.it/agora_show_book_transcription/54?data-title=23-A+transcription&data-verticalTitle=23-A+transcription&data-type=book&data-id=book_transcription_54&data-boxTitle=23-A+transcription&data-replaceContent=&data-url=%2Fagora_show_book_transcription%2F54&data-maxWidth=300,
Sheet1,A77,23-B transcription,http://ancientsource.daphnet.iliesi.cnr.it/agora_show_book_transcription/55?data-title=23-B+transcription&data-verticalTitle=23-B+transcription&data-type=book&data-id=book_transcription_55&data-boxTitle=23-B+transcription&data-replaceContent=&data-url=%2Fagora_show_book_transcription%2F55&data-maxWidth=300,
Sheet1,A79,24-A transcription,http://ancientsource.daphnet.iliesi.cnr.it/agora_show_book_transcription/14?data-title=24-A+transcription&data-verticalTitle=24-A+transcription&data-type=book&data-id=book_transcription_14&data-boxTitle=24-A+transcription&data-replaceContent=&data-url=%2Fagora_show_book_transcription%2F14&data-maxWidth=300,
Sheet1,A81,25-A transcription,http://ancientsource.daphnet.iliesi.cnr.it/agora_show_book_transcription/72?data-title=25-A+transcription&data-verticalTitle=25-A+transcription&data-type=book&data-id=book_transcription_72&data-boxTitle=25-A+transcription&data-replaceContent=&data-url=%2Fagora_show_book_transcription%2F72&data-maxWidth=300,
Sheet1,A83,24-B transcription,http://ancientsource.daphnet.iliesi.cnr.it/agora_show_book_transcription/15?data-title=24-B+transcription&data-verticalTitle=24-B+transcription&data-type=book&data-id=book_transcription_15&data-boxTitle=24-B+transcription&data-replaceContent=&data-url=%2Fagora_show_book_transcription%2F15&data-maxWidth=300,
Sheet1,A85,26-A transcription,http://ancientsource.daphnet.iliesi.cnr.it/agora_show_book_transcription/132?data-title=26-A+transcription&data-verticalTitle=26-A+transcription&data-type=book&data-id=book_transcription_132&data-boxTitle=26-A+transcription&data-replaceContent=&data-url=%2Fagora_show_book_transcription%2F132&data-maxWidth=300,
Sheet1,A87,27-A transcription,http://ancientsource.daphnet.iliesi.cnr.it/agora_show_book_transcription/126?data-title=27-A+transcription&data-verticalTitle=27-A+transcription&data-type=book&data-id=book_transcription_126&data-boxTitle=27-A+transcription&data-replaceContent=&data-url=%2Fagora_show_book_transcription%2F126&data-maxWidth=300,
Sheet1,A89,28-A transcription,http://ancientsource.daphnet.iliesi.cnr.it/agora_show_book_transcription/143?data-title=28-A+transcription&data-verticalTitle=28-A+transcription&data-type=book&data-id=book_transcription_143&data-boxTitle=28-A+transcription&data-replaceContent=&data-url=%2Fagora_show_book_transcription%2F143&data-maxWidth=300,
Sheet1,A91,28-B transcription,http://ancientsource.daphnet.iliesi.cnr.it/agora_show_book_transcription/144?data-title=28-B+transcription&data-verticalTitle=28-B+transcription&data-type=book&data-id=book_transcription_144&data-boxTitle=28-B+transcription&data-replaceContent=&data-url=%2Fagora_show_book_transcription%2F144&data-maxWidth=300,
Sheet1,A93,29-A transcription,http://ancientsource.daphnet.iliesi.cnr.it/agora_show_book_transcription/121?data-title=29-A+transcription&data-verticalTitle=29-A+transcription&data-type=book&data-id=book_transcription_121&data-boxTitle=29-A+transcription&data-replaceContent=&data-url=%2Fagora_show_book_transcription%2F121&data-maxWidth=300,
Sheet1,A95,29-B transcription,http://ancientsource.daphnet.iliesi.cnr.it/agora_show_book_transcription/122?data-title=29-B+transcription&data-verticalTitle=29-B+transcription&data-type=book&data-id=book_transcription_122&data-boxTitle=29-B+transcription&data-replaceContent=&data-url=%2Fagora_show_book_transcription%2F122&data-maxWidth=300,
Sheet1,A97,30-A transcription,http://ancientsource.daphnet.iliesi.cnr.it/agora_show_book_transcription/88?data-title=30-A+transcription&data-verticalTitle=30-A+transcription&data-type=book&data-id=book_transcription_88&data-boxTitle=30-A+transcription&data-replaceContent=&data-url=%2Fagora_show_book_transcription%2F88&data-maxWidth=300,
Sheet1,A99,30-B transcription,http://ancientsource.daphnet.iliesi.cnr.it/agora_show_book_transcription/89?data-title=30-B+transcription&data-verticalTitle=30-B+transcription&data-type=book&data-id=book_transcription_89&data-boxTitle=30-B+transcription&data-replaceContent=&data-url=%2Fagora_show_book_transcription%2F89&data-maxWidth=300,
Sheet1,A101,31-C transcription,http://ancientsource.daphnet.iliesi.cnr.it/agora_show_book_transcription/123?data-title=31-C+transcription&data-verticalTitle=31-C+transcription&data-type=book&data-id=book_transcription_123&data-boxTitle=31-C+transcription&data-replaceContent=&data-url=%2Fagora_show_book_transcription%2F123&data-maxWidth=300,
Sheet1,A103,31-A transcription,http://ancientsource.daphnet.iliesi.cnr.it/agora_show_book_transcription/51?data-title=31-A+transcription&data-verticalTitle=31-A+transcription&data-type=book&data-id=book_transcription_51&data-boxTitle=31-A+transcription&data-replaceContent=&data-url=%2Fagora_show_book_transcription%2F51&data-maxWidth=300,
Sheet1,A105,32-A transcription,http://ancientsource.daphnet.iliesi.cnr.it/agora_show_book_transcription/90?data-title=32-A+transcription&data-verticalTitle=32-A+transcription&data-type=book&data-id=book_transcription_90&data-boxTitle=32-A+transcription&data-replaceContent=&data-url=%2Fagora_show_book_transcription%2F90&data-maxWidth=300,
Sheet1,A107,31-B transcription,http://ancientsource.daphnet.iliesi.cnr.it/agora_show_book_transcription/52?data-title=31-B+transcription&data-verticalTitle=31-B+transcription&data-type=book&data-id=book_transcription_52&data-boxTitle=31-B+transcription&data-replaceContent=&data-url=%2Fagora_show_book_transcription%2F52&data-maxWidth=300,
Sheet1,A109,33-A transcription,http://ancientsource.daphnet.iliesi.cnr.it/agora_show_book_transcription/136?data-title=33-A+transcription&data-verticalTitle=33-A+transcription&data-type=book&data-id=book_transcription_136&data-boxTitle=33-A+transcription&data-replaceContent=&data-url=%2Fagora_show_book_transcription%2F136&data-maxWidth=300,
Sheet1,A111,34-A transcription,http://ancientsource.daphnet.iliesi.cnr.it/agora_show_book_transcription/127?data-title=34-A+transcription&data-verticalTitle=34-A+transcription&data-type=book&data-id=book_transcription_127&data-boxTitle=34-A+transcription&data-replaceContent=&data-url=%2Fagora_show_book_transcription%2F127&data-maxWidth=300,
Sheet1,A113,35-A transcription,http://ancientsource.daphnet.iliesi.cnr.it/agora_show_book_transcription/118?data-title=35-A+transcription&data-verticalTitle=35-A+transcription&data-type=book&data-id=book_transcription_118&data-boxTitle=35-A+transcription&data-replaceContent=&data-url=%2Fagora_show_book_transcription%2F118&data-maxWidth=300,
Sheet1,A115,36-A transcription,http://ancientsource.daphnet.iliesi.cnr.it/agora_show_book_transcription/74?data-title=36-A+transcription&data-verticalTitle=36-A+transcription&data-type=book&data-id=book_transcription_74&data-boxTitle=36-A+transcription&data-replaceContent=&data-url=%2Fagora_show_book_transcription%2F74&data-maxWidth=300,
Sheet1,A117,36-B transcription,http://ancientsource.daphnet.iliesi.cnr.it/agora_show_book_transcription/75?data-title=36-B+transcription&data-verticalTitle=36-B+transcription&data-type=book&data-id=book_transcription_75&data-boxTitle=36-B+transcription&data-replaceContent=&data-url=%2Fagora_show_book_transcription%2F75&data-maxWidth=300,
Sheet1,A119,36-C transcription,http://ancientsource.daphnet.iliesi.cnr.it/agora_show_book_transcription/76?data-title=36-C+transcription&data-verticalTitle=36-C+transcription&data-type=book&data-id=book_transcription_76&data-boxTitle=36-C+transcription&data-replaceContent=&data-url=%2Fagora_show_book_transcription%2F76&data-maxWidth=300,
Sheet1,A121,37-A transcription,http://ancientsource.daphnet.iliesi.cnr.it/agora_show_book_transcription/37?data-title=37-A+transcription&data-verticalTitle=37-A+transcription&data-type=book&data-id=book_transcription_37&data-boxTitle=37-A+transcription&data-replaceContent=&data-url=%2Fagora_show_book_transcription%2F37&data-maxWidth=300,
Sheet1,A123,38-A transcription,http://ancientsource.daphnet.iliesi.cnr.it/agora_show_book_transcription/82?data-title=38-A+transcription&data-verticalTitle=38-A+transcription&data-type=book&data-id=book_transcription_82&data-boxTitle=38-A+transcription&data-replaceContent=&data-url=%2Fagora_show_book_transcription%2F82&data-maxWidth=300,
Sheet1,A125,37-B transcription,http://ancientsource.daphnet.iliesi.cnr.it/agora_show_book_transcription/38?data-title=37-B+transcription&data-verticalTitle=37-B+transcription&data-type=book&data-id=book_transcription_38&data-boxTitle=37-B+transcription&data-replaceContent=&data-url=%2Fagora_show_book_transcription%2F38&data-maxWidth=300,
Sheet1,A127,38-B transcription,http://ancientsource.daphnet.iliesi.cnr.it/agora_show_book_transcription/83?data-title=38-B+transcription&data-verticalTitle=38-B+transcription&data-type=book&data-id=book_transcription_83&data-boxTitle=38-B+transcription&data-replaceContent=&data-url=%2Fagora_show_book_transcription%2F83&data-maxWidth=300,
Sheet1,A129,39-A transcription,http://ancientsource.daphnet.iliesi.cnr.it/agora_show_book_transcription/64?data-title=39-A+transcription&data-verticalTitle=39-A+transcription&data-type=book&data-id=book_transcription_64&data-boxTitle=39-A+transcription&data-replaceContent=&data-url=%2Fagora_show_book_transcription%2F64&data-maxWidth=300,
Sheet1,A131,40-A transcription,http://ancientsource.daphnet.iliesi.cnr.it/agora_show_book_transcription/100?data-title=40-A+transcription&data-verticalTitle=40-A+transcription&data-type=book&data-id=book_transcription_100&data-boxTitle=40-A+transcription&data-replaceContent=&data-url=%2Fagora_show_book_transcription%2F100&data-maxWidth=300,
Sheet1,A133,40-B transcription,http://ancientsource.daphnet.iliesi.cnr.it/agora_show_book_transcription/101?data-title=40-B+transcription&data-verticalTitle=40-B+transcription&data-type=book&data-id=book_transcription_101&data-boxTitle=40-B+transcription&data-replaceContent=&data-url=%2Fagora_show_book_transcription%2F101&data-maxWidth=300,
Sheet1,A135,41-A transcription,http://ancientsource.daphnet.iliesi.cnr.it/agora_show_book_transcription/53?data-title=41-A+transcription&data-verticalTitle=41-A+transcription&data-type=book&data-id=book_transcription_53&data-boxTitle=41-A+transcription&data-replaceContent=&data-url=%2Fagora_show_book_transcription%2F53&data-maxWidth=300,
Sheet1,A137,42-A transcription,http://ancientsource.daphnet.iliesi.cnr.it/agora_show_book_transcription/81?data-title=42-A+transcription&data-verticalTitle=42-A+transcription&data-type=book&data-id=book_transcription_81&data-boxTitle=42-A+transcription&data-replaceContent=&data-url=%2Fagora_show_book_transcription%2F81&data-maxWidth=300,
Sheet1,A139,43-A transcription,http://ancientsource.daphnet.iliesi.cnr.it/agora_show_book_transcription/116?data-title=43-A+transcription&data-verticalTitle=43-A+transcription&data-type=book&data-id=book_transcription_116&data-boxTitle=43-A+transcription&data-replaceContent=&data-url=%2Fagora_show_book_transcription%2F116&data-maxWidth=300,
Sheet1,A141,44-A transcription,http://ancientsource.daphnet.iliesi.cnr.it/agora_show_book_transcription/65?data-title=44-A+transcription&data-verticalTitle=44-A+transcription&data-type=book&data-id=book_transcription_65&data-boxTitle=44-A+transcription&data-replaceContent=&data-url=%2Fagora_show_book_transcription%2F65&data-maxWidth=300,
Sheet1,A143,44-B transcription,http://ancientsource.daphnet.iliesi.cnr.it/agora_show_book_transcription/66?data-title=44-B+transcription&data-verticalTitle=44-B+transcription&data-type=book&data-id=book_transcription_66&data-boxTitle=44-B+transcription&data-replaceContent=&data-url=%2Fagora_show_book_transcription%2F66&data-maxWidth=300,
Sheet1,A145,45-A transcription,http://ancientsource.daphnet.iliesi.cnr.it/agora_show_book_transcription/63?data-title=45-A+transcription&data-verticalTitle=45-A+transcription&data-type=book&data-id=book_transcription_63&data-boxTitle=45-A+transcription&data-replaceContent=&data-url=%2Fagora_show_book_transcription%2F63&data-maxWidth=300,
Sheet1,A147,47-A transcription,http://ancientsource.daphnet.iliesi.cnr.it/agora_show_book_transcription/124?data-title=47-A+transcription&data-verticalTitle=47-A+transcription&data-type=book&data-id=book_transcription_124&data-boxTitle=47-A+transcription&data-replaceContent=&data-url=%2Fagora_show_book_transcription%2F124&data-maxWidth=300,
Sheet1,A149,47-B transcription,http://ancientsource.daphnet.iliesi.cnr.it/agora_show_book_transcription/125?data-title=47-B+transcription&data-verticalTitle=47-B+transcription&data-type=book&data-id=book_transcription_125&data-boxTitle=47-B+transcription&data-replaceContent=&data-url=%2Fagora_show_book_transcription%2F125&data-maxWidth=300,
Sheet1,A151,46-A transcription,http://ancientsource.daphnet.iliesi.cnr.it/agora_show_book_transcription/30?data-title=46-A+transcription&data-verticalTitle=46-A+transcription&data-type=book&data-id=book_transcription_30&data-boxTitle=46-A+transcription&data-replaceContent=&data-url=%2Fagora_show_book_transcription%2F30&data-maxWidth=300,
Sheet1,A153,48-A transcription,http://ancientsource.daphnet.iliesi.cnr.it/agora_show_book_transcription/99?data-title=48-A+transcription&data-verticalTitle=48-A+transcription&data-type=book&data-id=book_transcription_99&data-boxTitle=48-A+transcription&data-replaceContent=&data-url=%2Fagora_show_book_transcription%2F99&data-maxWidth=300,
Sheet1,A155,49-A transcription,http://ancientsource.daphnet.iliesi.cnr.it/agora_show_book_transcription/117?data-title=49-A+transcription&data-verticalTitle=49-A+transcription&data-type=book&data-id=book_transcription_117&data-boxTitle=49-A+transcription&data-replaceContent=&data-url=%2Fagora_show_book_transcription%2F117&data-maxWidth=300,
Sheet1,A157,50-A transcription,http://ancientsource.daphnet.iliesi.cnr.it/agora_show_book_transcription/73?data-title=50-A+transcription&data-verticalTitle=50-A+transcription&data-type=book&data-id=book_transcription_73&data-boxTitle=50-A+transcription&data-replaceContent=&data-url=%2Fagora_show_book_transcription%2F73&data-maxWidth=300,
Sheet1,A159,52-A transcription,http://ancientsource.daphnet.iliesi.cnr.it/agora_show_book_transcription/115?data-title=52-A+transcription&data-verticalTitle=52-A+transcription&data-type=book&data-id=book_transcription_115&data-boxTitle=52-A+transcription&data-replaceContent=&data-url=%2Fagora_show_book_transcription%2F115&data-maxWidth=300,
Sheet1,A161,51-A transcription,http://ancientsource.daphnet.iliesi.cnr.it/agora_show_book_transcription/50?data-title=51-A+transcription&data-verticalTitle=51-A+transcription&data-type=book&data-id=book_transcription_50&data-boxTitle=51-A+transcription&data-replaceContent=&data-url=%2Fagora_show_book_transcription%2F50&data-maxWidth=300,
Sheet1,A163,54-A transcription,http://ancientsource.daphnet.iliesi.cnr.it/agora_show_book_transcription/139?data-title=54-A+transcription&data-verticalTitle=54-A+transcription&data-type=book&data-id=book_transcription_139&data-boxTitle=54-A+transcription&data-replaceContent=&data-url=%2Fagora_show_book_transcription%2F139&data-maxWidth=300,
Sheet1,A165,55-A transcription,http://ancientsource.daphnet.iliesi.cnr.it/agora_show_book_transcription/130?data-title=55-A+transcription&data-verticalTitle=55-A+transcription&data-type=book&data-id=book_transcription_130&data-boxTitle=55-A+transcription&data-replaceContent=&data-url=%2Fagora_show_book_transcription%2F130&data-maxWidth=300,
Sheet1,A167,53-A transcription,http://ancientsource.daphnet.iliesi.cnr.it/agora_show_book_transcription/42?data-title=53-A+transcription&data-verticalTitle=53-A+transcription&data-type=book&data-id=book_transcription_42&data-boxTitle=53-A+transcription&data-replaceContent=&data-url=%2Fagora_show_book_transcription%2F42&data-maxWidth=300,
Sheet1,A169,56-A transcription,http://ancientsource.daphnet.iliesi.cnr.it/agora_show_book_transcription/145?data-title=56-A+transcription&data-verticalTitle=56-A+transcription&data-type=book&data-id=book_transcription_145&data-boxTitle=56-A+transcription&data-replaceContent=&data-url=%2Fagora_show_book_transcription%2F145&data-maxWidth=300,
Sheet1,A171,57-A transcription,http://ancientsource.daphnet.iliesi.cnr.it/agora_show_book_transcription/87?data-title=57-A+transcription&data-verticalTitle=57-A+transcription&data-type=book&data-id=book_transcription_87&data-boxTitle=57-A+transcription&data-replaceContent=&data-url=%2Fagora_show_book_transcription%2F87&data-maxWidth=300,
Sheet1,A173,58-B transcription,http://ancientsource.daphnet.iliesi.cnr.it/agora_show_book_transcription/108?data-title=58-B+transcription&data-verticalTitle=58-B+transcription&data-type=book&data-id=book_transcription_108&data-boxTitle=58-B+transcription&data-replaceContent=&data-url=%2Fagora_show_book_transcription%2F108&data-maxWidth=300,
Sheet1,A175,58-A transcription,http://ancientsource.daphnet.iliesi.cnr.it/agora_show_book_transcription/107?data-title=58-A+transcription&data-verticalTitle=58-A+transcription&data-type=book&data-id=book_transcription_107&data-boxTitle=58-A+transcription&data-replaceContent=&data-url=%2Fagora_show_book_transcription%2F107&data-maxWidth=300,
Sheet1,A177,58-C transcription,http://ancientsource.daphnet.iliesi.cnr.it/agora_show_book_transcription/111?data-title=58-C+transcription&data-verticalTitle=58-C+transcription&data-type=book&data-id=book_transcription_111&data-boxTitle=58-C+transcription&data-replaceContent=&data-url=%2Fagora_show_book_transcription%2F111&data-maxWidth=300,
Sheet1,A179,58-D transcription,http://ancientsource.daphnet.iliesi.cnr.it/agora_show_book_transcription/109?data-title=58-D+transcription&data-verticalTitle=58-D+transcription&data-type=book&data-id=book_transcription_109&data-boxTitle=58-D+transcription&data-replaceContent=&data-url=%2Fagora_show_book_transcription%2F109&data-maxWidth=300,
Sheet1,A181,58-E transcription,http://ancientsource.daphnet.iliesi.cnr.it/agora_show_book_transcription/110?data-title=58-E+transcription&data-verticalTitle=58-E+transcription&data-type=book&data-id=book_transcription_110&data-boxTitle=58-E+transcription&data-replaceContent=&data-url=%2Fagora_show_book_transcription%2F110&data-maxWidth=300,
Sheet1,A183,60-C transcription,http://ancientsource.daphnet.iliesi.cnr.it/agora_show_book_transcription/155?data-title=60-C+transcription&data-verticalTitle=60-C+transcription&data-type=book&data-id=book_transcription_155&data-boxTitle=60-C+transcription&data-replaceContent=&data-url=%2Fagora_show_book_transcription%2F155&data-maxWidth=300,
Sheet1,A185,61-A transcription,http://ancientsource.daphnet.iliesi.cnr.it/agora_show_book_transcription/93?data-title=61-A+transcription&data-verticalTitle=61-A+transcription&data-type=book&data-id=book_transcription_93&data-boxTitle=61-A+transcription&data-replaceContent=&data-url=%2Fagora_show_book_transcription%2F93&data-maxWidth=300,
Sheet1,A187,59-A transcription,http://ancientsource.daphnet.iliesi.cnr.it/agora_show_book_transcription/16?data-title=59-A+transcription&data-verticalTitle=59-A+transcription&data-type=book&data-id=book_transcription_16&data-boxTitle=59-A+transcription&data-replaceContent=&data-url=%2Fagora_show_book_transcription%2F16&data-maxWidth=300,
Sheet1,A189,59-B transcription,http://ancientsource.daphnet.iliesi.cnr.it/agora_show_book_transcription/17?data-title=59-B+transcription&data-verticalTitle=59-B+transcription&data-type=book&data-id=book_transcription_17&data-boxTitle=59-B+transcription&data-replaceContent=&data-url=%2Fagora_show_book_transcription%2F17&data-maxWidth=300,
Sheet1,A191,63-A transcription,http://ancientsource.daphnet.iliesi.cnr.it/agora_show_book_transcription/131?data-title=63-A+transcription&data-verticalTitle=63-A+transcription&data-type=book&data-id=book_transcription_131&data-boxTitle=63-A+transcription&data-replaceContent=&data-url=%2Fagora_show_book_transcription%2F131&data-maxWidth=300,
Sheet1,A193,60-A transcription,http://ancientsource.daphnet.iliesi.cnr.it/agora_show_book_transcription/28?data-title=60-A+transcription&data-verticalTitle=60-A+transcription&data-type=book&data-id=book_transcription_28&data-boxTitle=60-A+transcription&data-replaceContent=&data-url=%2Fagora_show_book_transcription%2F28&data-maxWidth=300,
Sheet1,A195,60-B transcription,http://ancientsource.daphnet.iliesi.cnr.it/agora_show_book_transcription/29?data-title=60-B+transcription&data-verticalTitle=60-B+transcription&data-type=book&data-id=book_transcription_29&data-boxTitle=60-B+transcription&data-replaceContent=&data-url=%2Fagora_show_book_transcription%2F29&data-maxWidth=300,
Sheet1,A197,62-A transcription,http://ancientsource.daphnet.iliesi.cnr.it/agora_show_book_transcription/33?data-title=62-A+transcription&data-verticalTitle=62-A+transcription&data-type=book&data-id=book_transcription_33&data-boxTitle=62-A+transcription&data-replaceContent=&data-url=%2Fagora_show_book_transcription%2F33&data-maxWidth=300,
Sheet1,A199,64-A transcription,http://ancientsource.daphnet.iliesi.cnr.it/agora_show_book_transcription/43?data-title=64-A+transcription&data-verticalTitle=64-A+transcription&data-type=book&data-id=book_transcription_43&data-boxTitle=64-A+transcription&data-replaceContent=&data-url=%2Fagora_show_book_transcription%2F43&data-maxWidth=300,
Sheet1,A201,64-B transcription,http://ancientsource.daphnet.iliesi.cnr.it/agora_show_book_transcription/44?data-title=64-B+transcription&data-verticalTitle=64-B+transcription&data-type=book&data-id=book_transcription_44&data-boxTitle=64-B+transcription&data-replaceContent=&data-url=%2Fagora_show_book_transcription%2F44&data-maxWidth=300,
Sheet1,A203,64-C transcription,http://ancientsource.daphnet.iliesi.cnr.it/agora_show_book_transcription/45?data-title=64-C+transcription&data-verticalTitle=64-C+transcription&data-type=book&data-id=book_transcription_45&data-boxTitle=64-C+transcription&data-replaceContent=&data-url=%2Fagora_show_book_transcription%2F45&data-maxWidth=300,
Sheet1,A205,67-A transcription,http://ancientsource.daphnet.iliesi.cnr.it/agora_show_book_transcription/84?data-title=67-A+transcription&data-verticalTitle=67-A+transcription&data-type=book&data-id=book_transcription_84&data-boxTitle=67-A+transcription&data-replaceContent=&data-url=%2Fagora_show_book_transcription%2F84&data-maxWidth=300,
Sheet1,A207,67-B transcription,http://ancientsource.daphnet.iliesi.cnr.it/agora_show_book_transcription/85?data-title=67-B+transcription&data-verticalTitle=67-B+transcription&data-type=book&data-id=book_transcription_85&data-boxTitle=67-B+transcription&data-replaceContent=&data-url=%2Fagora_show_book_transcription%2F85&data-maxWidth=300,
Sheet1,A209,65-A transcription,http://ancientsource.daphnet.iliesi.cnr.it/agora_show_book_transcription/34?data-title=65-A+transcription&data-verticalTitle=65-A+transcription&data-type=book&data-id=book_transcription_34&data-boxTitle=65-A+transcription&data-replaceContent=&data-url=%2Fagora_show_book_transcription%2F34&data-maxWidth=300,
Sheet1,A211,66-A transcription,http://ancientsource.daphnet.iliesi.cnr.it/agora_show_book_transcription/26?data-title=66-A+transcription&data-verticalTitle=66-A+transcription&data-type=book&data-id=book_transcription_26&data-boxTitle=66-A+transcription&data-replaceContent=&data-url=%2Fagora_show_book_transcription%2F26&data-maxWidth=300,
Sheet1,A213,69-A transcription,http://ancientsource.daphnet.iliesi.cnr.it/agora_show_book_transcription/96?data-title=69-A+transcription&data-verticalTitle=69-A+transcription&data-type=book&data-id=book_transcription_96&data-boxTitle=69-A+transcription&data-replaceContent=&data-url=%2Fagora_show_book_transcription%2F96&data-maxWidth=300,
Sheet1,A215,69-B transcription,http://ancientsource.daphnet.iliesi.cnr.it/agora_show_book_transcription/97?data-title=69-B+transcription&data-verticalTitle=69-B+transcription&data-type=book&data-id=book_transcription_97&data-boxTitle=69-B+transcription&data-replaceContent=&data-url=%2Fagora_show_book_transcription%2F97&data-maxWidth=300,
Sheet1,A217,68-A transcription,http://ancientsource.daphnet.iliesi.cnr.it/agora_show_book_transcription/39?data-title=68-A+transcription&data-verticalTitle=68-A+transcription&data-type=book&data-id=book_transcription_39&data-boxTitle=68-A+transcription&data-replaceContent=&data-url=%2Fagora_show_book_transcription%2F39&data-maxWidth=300,
Sheet1,A219,68-B transcription,http://ancientsource.daphnet.iliesi.cnr.it/agora_show_book_transcription/40?data-title=68-B+transcription&data-verticalTitle=68-B+transcription&data-type=book&data-id=book_transcription_40&data-boxTitle=68-B+transcription&data-replaceContent=&data-url=%2Fagora_show_book_transcription%2F40&data-maxWidth=300,
Sheet1,A221,70-A transcription,http://ancientsource.daphnet.iliesi.cnr.it/agora_show_book_transcription/91?data-title=70-A+transcription&data-verticalTitle=70-A+transcription&data-type=book&data-id=book_transcription_91&data-boxTitle=70-A+transcription&data-replaceContent=&data-url=%2Fagora_show_book_transcription%2F91&data-maxWidth=300,
Sheet1,A223,72-A transcription,http://ancientsource.daphnet.iliesi.cnr.it/agora_show_book_transcription/140?data-title=72-A+transcription&data-verticalTitle=72-A+transcription&data-type=book&data-id=book_transcription_140&data-boxTitle=72-A+transcription&data-replaceContent=&data-url=%2Fagora_show_book_transcription%2F140&data-maxWidth=300,
Sheet1,A225,68-C transcription,http://ancientsource.daphnet.iliesi.cnr.it/agora_show_book_transcription/41?data-title=68-C+transcription&data-verticalTitle=68-C+transcription&data-type=book&data-id=book_transcription_41&data-boxTitle=68-C+transcription&data-replaceContent=&data-url=%2Fagora_show_book_transcription%2F41&data-maxWidth=300,
Sheet1,A227,70-B transcription,http://ancientsource.daphnet.iliesi.cnr.it/agora_show_book_transcription/92?data-title=70-B+transcription&data-verticalTitle=70-B+transcription&data-type=book&data-id=book_transcription_92&data-boxTitle=70-B+transcription&data-replaceContent=&data-url=%2Fagora_show_book_transcription%2F92&data-maxWidth=300,
Sheet1,A229,72-B transcription,http://ancientsource.daphnet.iliesi.cnr.it/agora_show_book_transcription/141?data-title=72-B+transcription&data-verticalTitle=72-B+transcription&data-type=book&data-id=book_transcription_141&data-boxTitle=72-B+transcription&data-replaceContent=&data-url=%2Fagora_show_book_transcription%2F141&data-maxWidth=300,
Sheet1,A231,71-A transcription,http://ancientsource.daphnet.iliesi.cnr.it/agora_show_book_transcription/46?data-title=71-A+transcription&data-verticalTitle=71-A+transcription&data-type=book&data-id=book_transcription_46&data-boxTitle=71-A+transcription&data-replaceContent=&data-url=%2Fagora_show_book_transcription%2F46&data-maxWidth=300,
Sheet1,A233,73-B transcription,http://ancientsource.daphnet.iliesi.cnr.it/agora_show_book_transcription/49?data-title=73-B+transcription&data-verticalTitle=73-B+transcription&data-type=book&data-id=book_transcription_49&data-boxTitle=73-B+transcription&data-replaceContent=&data-url=%2Fagora_show_book_transcription%2F49&data-maxWidth=300,
Sheet1,A235,73-A transcription,http://ancientsource.daphnet.iliesi.cnr.it/agora_show_book_transcription/48?data-title=73-A+transcription&data-verticalTitle=73-A+transcription&data-type=book&data-id=book_transcription_48&data-boxTitle=73-A+transcription&data-replaceContent=&data-url=%2Fagora_show_book_transcription%2F48&data-maxWidth=300,
Sheet1,A237,75-A transcription,http://ancientsource.daphnet.iliesi.cnr.it/agora_show_book_transcription/94?data-title=75-A+transcription&data-verticalTitle=75-A+transcription&data-type=book&data-id=book_transcription_94&data-boxTitle=75-A+transcription&data-replaceContent=&data-url=%2Fagora_show_book_transcription%2F94&data-maxWidth=300,
Sheet1,A239,75-B transcription,http://ancientsource.daphnet.iliesi.cnr.it/agora_show_book_transcription/95?data-title=75-B+transcription&data-verticalTitle=75-B+transcription&data-type=book&data-id=book_transcription_95&data-boxTitle=75-B+transcription&data-replaceContent=&data-url=%2Fagora_show_book_transcription%2F95&data-maxWidth=300,
Sheet1,A241,74-A transcription,http://ancientsource.daphnet.iliesi.cnr.it/agora_show_book_transcription/27?data-title=74-A+transcription&data-verticalTitle=74-A+transcription&data-type=book&data-id=book_transcription_27&data-boxTitle=74-A+transcription&data-replaceContent=&data-url=%2Fagora_show_book_transcription%2F27&data-maxWidth=300,
Sheet1,A243,78-A transcription,http://ancientsource.daphnet.iliesi.cnr.it/agora_show_book_transcription/128?data-title=78-A+transcription&data-verticalTitle=78-A+transcription&data-type=book&data-id=book_transcription_128&data-boxTitle=78-A+transcription&data-replaceContent=&data-url=%2Fagora_show_book_transcription%2F128&data-maxWidth=300,
Sheet1,A245,76-A transcription,http://ancientsource.daphnet.iliesi.cnr.it/agora_show_book_transcription/47?data-title=76-A+transcription&data-verticalTitle=76-A+transcription&data-type=book&data-id=book_transcription_47&data-boxTitle=76-A+transcription&data-replaceContent=&data-url=%2Fagora_show_book_transcription%2F47&data-maxWidth=300,
Sheet1,A247,79-A transcription,http://ancientsource.daphnet.iliesi.cnr.it/agora_show_book_transcription/98?data-title=79-A+transcription&data-verticalTitle=79-A+transcription&data-type=book&data-id=book_transcription_98&data-boxTitle=79-A+transcription&data-replaceContent=&data-url=%2Fagora_show_book_transcription%2F98&data-maxWidth=300,
Sheet1,A249,80-A transcription,http://ancientsource.daphnet.iliesi.cnr.it/agora_show_book_transcription/104?data-title=80-A+transcription&data-verticalTitle=80-A+transcription&data-type=book&data-id=book_transcription_104&data-boxTitle=80-A+transcription&data-replaceContent=&data-url=%2Fagora_show_book_transcription%2F104&data-maxWidth=300,
Sheet1,A251,77-A transcription,http://ancientsource.daphnet.iliesi.cnr.it/agora_show_book_transcription/31?data-title=77-A+transcription&data-verticalTitle=77-A+transcription&data-type=book&data-id=book_transcription_31&data-boxTitle=77-A+transcription&data-replaceContent=&data-url=%2Fagora_show_book_transcription%2F31&data-maxWidth=300,
Sheet1,A253,81-A transcription,http://ancientsource.daphnet.iliesi.cnr.it/agora_show_book_transcription/135?data-title=81-A+transcription&data-verticalTitle=81-A+transcription&data-type=book&data-id=book_transcription_135&data-boxTitle=81-A+transcription&data-replaceContent=&data-url=%2Fagora_show_book_transcription%2F135&data-maxWidth=300,
Sheet1,A255,80-B transcription,http://ancientsource.daphnet.iliesi.cnr.it/agora_show_book_transcription/105?data-title=80-B+transcription&data-verticalTitle=80-B+transcription&data-type=book&data-id=book_transcription_105&data-boxTitle=80-B+transcription&data-replaceContent=&data-url=%2Fagora_show_book_transcription%2F105&data-maxWidth=300,
Sheet1,A257,80-C transcription,http://ancientsource.daphnet.iliesi.cnr.it/agora_show_book_transcription/106?data-title=80-C+transcription&data-verticalTitle=80-C+transcription&data-type=book&data-id=book_transcription_106&data-boxTitle=80-C+transcription&data-replaceContent=&data-url=%2Fagora_show_book_transcription%2F106&data-maxWidth=300,
Sheet1,A259,82-A transcription,http://ancientsource.daphnet.iliesi.cnr.it/agora_show_book_transcription/69?data-title=82-A+transcription&data-verticalTitle=82-A+transcription&data-type=book&data-id=book_transcription_69&data-boxTitle=82-A+transcription&data-replaceContent=&data-url=%2Fagora_show_book_transcription%2F69&data-maxWidth=300,
Sheet1,A261,83-A transcription,http://ancientsource.daphnet.iliesi.cnr.it/agora_show_book_transcription/86?data-title=83-A+transcription&data-verticalTitle=83-A+transcription&data-type=book&data-id=book_transcription_86&data-boxTitle=83-A+transcription&data-replaceContent=&data-url=%2Fagora_show_book_transcription%2F86&data-maxWidth=300,
Sheet1,A263,82-B transcription,http://ancientsource.daphnet.iliesi.cnr.it/agora_show_book_transcription/70?data-title=82-B+transcription&data-verticalTitle=82-B+transcription&data-type=book&data-id=book_transcription_70&data-boxTitle=82-B+transcription&data-replaceContent=&data-url=%2Fagora_show_book_transcription%2F70&data-maxWidth=300,
Sheet1,A265,84-A transcription,http://ancientsource.daphnet.iliesi.cnr.it/agora_show_book_transcription/102?data-title=84-A+transcription&data-verticalTitle=84-A+transcription&data-type=book&data-id=book_transcription_102&data-boxTitle=84-A+transcription&data-replaceContent=&data-url=%2Fagora_show_book_transcription%2F102&data-maxWidth=300,
Sheet1,A267,85-A transcription,http://ancientsource.daphnet.iliesi.cnr.it/agora_show_book_transcription/119?data-title=85-A+transcription&data-verticalTitle=85-A+transcription&data-type=book&data-id=book_transcription_119&data-boxTitle=85-A+transcription&data-replaceContent=&data-url=%2Fagora_show_book_transcription%2F119&data-maxWidth=300,
Sheet1,A269,82-C transcription,http://ancientsource.daphnet.iliesi.cnr.it/agora_show_book_transcription/71?data-title=82-C+transcription&data-verticalTitle=82-C+transcription&data-type=book&data-id=book_transcription_71&data-boxTitle=82-C+transcription&data-replaceContent=&data-url=%2Fagora_show_book_transcription%2F71&data-maxWidth=300,
Sheet1,A271,84-B transcription,http://ancientsource.daphnet.iliesi.cnr.it/agora_show_book_transcription/103?data-title=84-B+transcription&data-verticalTitle=84-B+transcription&data-type=book&data-id=book_transcription_103&data-boxTitle=84-B+transcription&data-replaceContent=&data-url=%2Fagora_show_book_transcription%2F103&data-maxWidth=300,
Sheet1,A273,85-B transcription,http://ancientsource.daphnet.iliesi.cnr.it/agora_show_book_transcription/120?data-title=85-B+transcription&data-verticalTitle=85-B+transcription&data-type=book&data-id=book_transcription_120&data-boxTitle=85-B+transcription&data-replaceContent=&data-url=%2Fagora_show_book_transcription%2F120&data-maxWidth=300,
Sheet1,A275,86-A transcription,http://ancientsource.daphnet.iliesi.cnr.it/agora_show_book_transcription/78?data-title=86-A+transcription&data-verticalTitle=86-A+transcription&data-type=book&data-id=book_transcription_78&data-boxTitle=86-A+transcription&data-replaceContent=&data-url=%2Fagora_show_book_transcription%2F78&data-maxWidth=300,
Sheet1,A277,86-C transcription,http://ancientsource.daphnet.iliesi.cnr.it/agora_show_book_transcription/80?data-title=86-C+transcription&data-verticalTitle=86-C+transcription&data-type=book&data-id=book_transcription_80&data-boxTitle=86-C+transcription&data-replaceContent=&data-url=%2Fagora_show_book_transcription%2F80&data-maxWidth=300,
Sheet1,A279,86-B transcription,http://ancientsource.daphnet.iliesi.cnr.it/agora_show_book_transcription/79?data-title=86-B+transcription&data-verticalTitle=86-B+transcription&data-type=book&data-id=book_transcription_79&data-boxTitle=86-B+transcription&data-replaceContent=&data-url=%2Fagora_show_book_transcription%2F79&data-maxWidth=300,
Sheet1,A281,90-A transcription,http://ancientsource.daphnet.iliesi.cnr.it/agora_show_book_transcription/134?data-title=90-A+transcription&data-verticalTitle=90-A+transcription&data-type=book&data-id=book_transcription_134&data-boxTitle=90-A+transcription&data-replaceContent=&data-url=%2Fagora_show_book_transcription%2F134&data-maxWidth=300,
Sheet1,A283,87-A transcription,http://ancientsource.daphnet.iliesi.cnr.it/agora_show_book_transcription/24?data-title=87-A+transcription&data-verticalTitle=87-A+transcription&data-type=book&data-id=book_transcription_24&data-boxTitle=87-A+transcription&data-replaceContent=&data-url=%2Fagora_show_book_transcription%2F24&data-maxWidth=300,
Sheet1,A285,87-B transcription,http://ancientsource.daphnet.iliesi.cnr.it/agora_show_book_transcription/25?data-title=87-B+transcription&data-verticalTitle=87-B+transcription&data-type=book&data-id=book_transcription_25&data-boxTitle=87-B+transcription&data-replaceContent=&data-url=%2Fagora_show_book_transcription%2F25&data-maxWidth=300,
Sheet1,A287,88-A transcription,http://ancientsource.daphnet.iliesi.cnr.it/agora_show_book_transcription/35?data-title=88-A+transcription&data-verticalTitle=88-A+transcription&data-type=book&data-id=book_transcription_35&data-boxTitle=88-A+transcription&data-replaceContent=&data-url=%2Fagora_show_book_transcription%2F35&data-maxWidth=300,
Sheet1,A289,88-B transcription,http://ancientsource.daphnet.iliesi.cnr.it/agora_show_book_transcription/36?data-title=88-B+transcription&data-verticalTitle=88-B+transcription&data-type=book&data-id=book_transcription_36&data-boxTitle=88-B+transcription&data-replaceContent=&data-url=%2Fagora_show_book_transcription%2F36&data-maxWidth=300,
Sheet1,A291,89-A transcription,http://ancientsource.daphnet.iliesi.cnr.it/agora_show_book_transcription/23?data-title=89-A+transcription&data-verticalTitle=89-A+transcription&data-type=book&data-id=book_transcription_23&data-boxTitle=89-A+transcription&data-replaceContent=&data-url=%2Fagora_show_book_transcription%2F23&data-maxWidth=300,
